droneX,droneY,droneZ,zoneId,IotId,IotX,IotY,IotZ,Iot Data Generation Time(DateTime),Iot Data Size(MB),Application Delay Deadline(Sec),Drone Remaining Energy(J),Priority
191,76.4,5,2,1,184.9376,9.701027,25.29616,11-04-25 14:31,71.88796,1.146115,92494.48143,1
203.5,88,-144.5,3,2,165.9641,1.201942,-127.8347,11-04-25 16:41,54.72826,0.8343236,99408.57168,1
203.5,88,-144.5,3,3,206.1706,12.46887,-158.3348,11-04-25 13:58,52.2219,0.9412258,99408.57168,1
191,76.4,5,2,4,168.7819,2.980667,-27.88913,11-04-25 14:41,295.9198,2.594575,92494.48143,2
-15,85,199.5,4,5,-16.51799,14.86791,157.8267,11-04-25 13:00,440.4872,1.53553,96783.9273,2
-0.6,71,4.9,5,6,-29.92262,7.513092,-54.92406,11-04-25 13:22,323.4099,1.205672,95183.90181,2
191,76.4,5,2,7,151.1964,13.83973,135.476,11-04-25 14:13,305.2797,1.555956,92494.48143,2
191,76.4,5,2,8,129.5944,6.143372,132.8885,11-04-25 16:19,12.5554,2.555486,92494.48143,2
-195,72,-14,6,9,-157.2199,13.39819,4.009293,11-04-25 16:20,369.8935,0.782315,89872.22369,1
191,76.4,5,2,10,190.6936,9.864708,-12.54227,11-04-25 14:26,203.4817,1.186239,92494.48143,1
203.5,88,-144.5,3,11,203.709,11.18919,-214.8607,11-04-25 13:54,44.29647,1.967687,99408.57168,2
191,76.4,5,2,12,131.9176,1.780869,-70.98131,11-04-25 14:44,179.6454,0.5670013,92494.48143,1
-0.6,71,4.9,5,13,19.9082,2.450615,-63.33588,11-04-25 13:59,206.6924,1.016036,95183.90181,2
-0.6,71,4.9,5,14,41.5118,11.80507,-41.25877,11-04-25 14:47,98.10474,1.436195,95183.90181,1
-195,72,-14,6,15,-204.1583,13.17643,-53.58322,11-04-25 13:13,438.9964,2.022742,89872.22369,2
191,76.4,5,2,16,165.2274,1.845901,79.83087,11-04-25 14:44,260.0558,2.972634,92494.48143,2
6,73,-200,7,17,95.84033,12.71843,-113.9791,11-04-25 14:02,499.1439,1.145584,89871.93424,3
191,76.4,5,2,18,213.6587,10.84338,23.5209,11-04-25 16:08,479.3997,2.770876,92494.48143,2
6,73,-200,7,19,97.15311,3.705536,-237.4102,11-04-25 12:21,145.7125,2.808578,89871.93424,3
-195,72,-14,6,20,-172.4188,11.59033,42.02516,11-04-25 14:44,97.69875,1.562774,89872.22369,1
-195,72,-14,6,21,-139.9712,7.360077,99.8374,11-04-25 15:37,253.6506,1.078953,89872.22369,2
-0.6,71,4.9,5,22,40.33624,5.041557,4.140762,11-04-25 16:17,430.8783,1.748444,95183.90181,2
201,105,206,1,23,130.5356,8.8517,183.7937,11-04-25 11:24,396.9303,1.329238,88697.00335,3
-0.6,71,4.9,5,24,-37.71194,13.34631,54.84735,11-04-25 16:33,433.0025,0.6443696,95183.90181,1
191,76.4,5,2,25,211.4197,8.181549,59.49684,11-04-25 12:28,428.5575,1.072604,92494.48143,2
-195,72,-14,6,26,-142.6099,10.01717,145.7421,11-04-25 13:50,371.7114,1.602522,89872.22369,3
-208.5,75,-201,8,27,-184.2311,9.67543,-128.0594,11-04-25 15:41,224.0695,0.62539,98394.11375,1
6,73,-200,7,28,6.994308,1.245346,-200.9026,11-04-25 13:40,299.7634,1.865987,89871.93424,2
203.5,88,-144.5,3,29,186.6534,10.02323,-119.3076,11-04-25 15:03,399.2351,2.711164,99408.57168,2
-15,85,199.5,4,30,-202.8549,11.07294,215.9438,11-04-25 14:50,378.5993,1.497905,96783.9273,3
203.5,88,-144.5,3,31,202.5162,4.898636,-237.2885,11-04-25 15:53,262.3357,2.399377,99408.57168,2
-15,85,199.5,4,32,-198.4001,4.580627,153.8349,11-04-25 13:09,80.17107,2.460845,96783.9273,3
203.5,88,-144.5,3,33,239.7097,0.8746262,-155.7037,11-04-25 16:04,411.4108,1.68698,99408.57168,2
-15,85,199.5,4,34,102.1681,13.85266,151.4242,11-04-25 13:46,108.6639,0.8207657,96783.9273,2
203.5,88,-144.5,3,35,235.2709,7.648293,-154.9073,11-04-25 11:19,238.3326,2.273526,99408.57168,3
6,73,-200,7,36,-6.361847,6.416039,-227.5637,11-04-25 15:13,106.0489,2.138747,89871.93424,1
-208.5,75,-201,8,37,-221.5998,12.05698,-234.6202,11-04-25 11:50,361.7777,2.609351,98394.11375,3
-208.5,75,-201,8,38,-163.7843,1.871384,-220.749,11-04-25 16:34,406.9618,1.791237,98394.11375,2
6,73,-200,7,39,54.38013,4.644608,-206.9127,11-04-25 15:46,314.6246,1.298078,89871.93424,1
201,105,206,1,40,178.9942,9.0373,158.7492,11-04-25 13:52,181.0037,2.970259,88697.00335,2
203.5,88,-144.5,3,41,101.1558,12.09908,-201.5096,11-04-25 13:03,117.642,1.412813,99408.57168,2
201,105,206,1,42,144.5718,9.371819,179.9843,11-04-25 16:16,402.1968,1.438387,88697.00335,2
-195,72,-14,6,43,-187.9629,10.94501,-54.4352,11-04-25 15:32,195.5269,0.6288038,89872.22369,1
-208.5,75,-201,8,44,-221.4324,3.055016,-166.4734,11-04-25 14:45,226.3922,2.907865,98394.11375,2
201,105,206,1,45,162.3777,14.28679,209.8841,11-04-25 14:58,270.2358,1.483473,88697.00335,2
-208.5,75,-201,8,46,-190.083,12.52345,-167.6945,11-04-25 14:26,42.22823,1.652029,98394.11375,1
201,105,206,1,47,215.236,11.78479,159.7713,11-04-25 15:22,352.5121,2.88761,88697.00335,3
-0.6,71,4.9,5,48,11.07184,6.138351,56.6402,11-04-25 12:03,371.4011,1.984882,95183.90181,3
-0.6,71,4.9,5,49,29.62311,14.75623,-81.26869,11-04-25 13:15,444.171,1.465975,95183.90181,2
6,73,-200,7,50,-69.47643,6.632019,-140.7214,11-04-25 16:25,9.884388,2.792814,89871.93424,2
203.5,88,-144.5,3,51,195.3129,14.66544,-169.8042,11-04-25 12:11,408.3087,1.405503,99408.57168,2
-15,85,199.5,4,52,58.17395,14.03309,188.0333,11-04-25 16:06,109.6808,1.343194,96783.9273,1
201,105,206,1,53,208.4839,7.561287,183.2456,11-04-25 16:16,32.95647,1.527376,88697.00335,1
6,73,-200,7,54,40.58917,7.56044,-224.9687,11-04-25 11:03,374.5724,2.021608,89871.93424,3
201,105,206,1,55,232.2717,8.788681,201.7044,11-04-25 13:15,29.84484,2.345845,88697.00335,2
201,105,206,1,56,160.325,7.926743,155.9857,11-04-25 13:36,333.5851,0.6993158,88697.00335,2
-195,72,-14,6,57,-176.979,2.030937,-72.75275,11-04-25 14:39,490.4636,1.413094,89872.22369,2
-0.6,71,4.9,5,58,-52.75851,7.959557,-75.23608,11-04-25 12:47,98.15113,2.807683,95183.90181,2
6,73,-200,7,59,62.96887,8.741959,-109.1781,11-04-25 11:35,246.4538,0.7493799,89871.93424,2
6,73,-200,7,60,78.51187,0.2182541,-182.782,11-04-25 14:32,64.00215,2.279841,89871.93424,2
-0.6,71,4.9,5,61,109.9117,9.988785,6.671219,11-04-25 13:04,219.1465,2.683973,95183.90181,3
-195,72,-14,6,62,-222.2199,12.81922,57.70503,11-04-25 15:55,246.7618,0.7163666,89872.22369,1
6,73,-200,7,63,-13.965,7.585419,-194.0451,11-04-25 16:38,51.50724,1.086311,89871.93424,1
6,73,-200,7,64,-34.90823,5.539902,-120.8279,11-04-25 16:53,184.786,0.5120038,89871.93424,1
-208.5,75,-201,8,65,-148.3455,2.127975,-186.0098,11-04-25 13:55,185.4577,1.751795,98394.11375,2
-195,72,-14,6,66,-219.1155,12.68375,83.07062,11-04-25 16:07,101.2672,0.9009974,89872.22369,1
201,105,206,1,67,188.2496,0.3651123,151.0588,11-04-25 14:02,467.6906,1.820437,88697.00335,3
191,76.4,5,2,68,127.7952,0.6617279,6.141586,11-04-25 15:35,48.19533,2.770502,92494.48143,2
191,76.4,5,2,69,248.5137,7.576088,108.9869,11-04-25 12:50,36.61298,1.931734,92494.48143,2
191,76.4,5,2,70,222.5171,0.07688141,-68.06158,11-04-25 13:23,246.8207,2.954967,92494.48143,3
6,73,-200,7,71,10.52654,11.4601,-185.4715,11-04-25 12:16,87.31194,0.9256696,89871.93424,1
201,105,206,1,72,133.025,9.483192,176.1052,11-04-25 12:50,193.9129,2.856178,88697.00335,3
203.5,88,-144.5,3,73,108.3625,13.81702,-171.3374,11-04-25 15:44,282.9365,1.412191,99408.57168,2
6,73,-200,7,74,-34.6221,13.25133,-121.1055,11-04-25 13:52,95.52962,2.457589,89871.93424,2
-15,85,199.5,4,75,75.27301,11.60918,199.6989,11-04-25 11:03,190.2784,1.705099,96783.9273,2
6,73,-200,7,76,-0.8687897,8.984001,-107.3667,11-04-25 14:43,255.9577,2.870252,89871.93424,2
201,105,206,1,77,207.8901,1.118919,155.2619,11-04-25 16:07,409.9335,0.9547739,88697.00335,2
191,76.4,5,2,78,185.7573,14.30882,18.39549,11-04-25 12:01,332.863,0.6109388,92494.48143,2
191,76.4,5,2,79,135.7052,11.84544,11.53528,11-04-25 16:56,291.6089,2.910411,92494.48143,2
-208.5,75,-201,8,80,-188.3831,0.3287811,-113.9518,11-04-25 13:24,447.1495,1.144937,98394.11375,2
191,76.4,5,2,81,177.4867,1.595848,102.6366,11-04-25 13:50,55.86057,1.167937,92494.48143,1
-195,72,-14,6,82,-152.7072,10.64227,-64.85286,11-04-25 13:00,384.0186,1.191466,89872.22369,2
191,76.4,5,2,83,172.747,5.915573,-2.239716,11-04-25 15:47,363.4413,2.442425,92494.48143,2
191,76.4,5,2,84,177.0781,2.475838,-71.46527,11-04-25 14:00,303.7757,0.9253682,92494.48143,2
-195,72,-14,6,85,-243.6152,12.40746,-22.27647,11-04-25 12:02,242.895,1.508474,89872.22369,2
191,76.4,5,2,86,158.6242,4.508636,108.9588,11-04-25 15:09,316.9753,0.6498252,92494.48143,2
201,105,206,1,87,170.7529,13.0332,166.3165,11-04-25 12:15,210.9564,2.497803,88697.00335,3
191,76.4,5,2,88,210.4985,14.35063,88.58264,11-04-25 14:23,365.407,1.664454,92494.48143,2
203.5,88,-144.5,3,89,220.7396,9.548447,-164.8324,11-04-25 15:53,149.6894,2.469553,99408.57168,2
-15,85,199.5,4,90,58.44702,5.672386,240.1525,11-04-25 13:05,8.120525,0.7210107,96783.9273,1
191,76.4,5,2,91,191.6622,7.929672,106.9521,11-04-25 15:56,101.597,1.079975,92494.48143,1
-15,85,199.5,4,92,54.99194,7.903664,206.5171,11-04-25 14:25,179.2349,0.8943881,96783.9273,1
191,76.4,5,2,93,201.3333,11.55746,-13.39793,11-04-25 14:21,87.89888,1.593409,92494.48143,1
203.5,88,-144.5,3,94,199.9734,4.436111,-189.4857,11-04-25 16:36,84.24558,1.776236,99408.57168,1
6,73,-200,7,95,-53.65172,6.762093,-143.1643,11-04-25 16:10,411.1913,1.23546,89871.93424,2
-195,72,-14,6,96,-203.8921,11.56544,78.41089,11-04-25 12:30,189.7038,2.448658,89872.22369,3
191,76.4,5,2,97,173.07,9.960762,-42.07751,11-04-25 15:00,215.1858,1.282747,92494.48143,1
191,76.4,5,2,98,210.7421,13.17433,68.93884,11-04-25 14:01,406.3308,1.119932,92494.48143,2
6,73,-200,7,99,-11.10669,2.19239,-137.479,11-04-25 16:12,309.8768,2.786568,89871.93424,2
191,76.4,5,2,100,156.826,4.074059,-23.00124,11-04-25 14:13,489.0119,1.215616,92494.48143,2
191,76.4,5,2,101,180.1326,0.3648071,-50.91812,11-04-25 15:46,140.1086,1.746407,92494.48143,1
201,105,206,1,102,179.353,14.03715,192.7427,11-04-25 15:10,485.6483,1.133197,88697.00335,2
-195,72,-14,6,103,-128.4848,9.042419,56.63449,11-04-25 14:35,71.29406,1.799846,89872.22369,2
6,73,-200,7,104,-65.07576,10.16885,-244.1979,11-04-25 15:14,38.698,0.956931,89871.93424,1
-0.6,71,4.9,5,105,-60.87299,5.543976,99.98352,11-04-25 13:31,280.8377,2.465278,95183.90181,3
-0.6,71,4.9,5,106,110.0683,11.55703,83.63474,11-04-25 14:43,38.28351,2.724315,95183.90181,2
-0.6,71,4.9,5,107,73.70248,8.134773,-0.7646942,11-04-25 15:44,10.31482,2.310198,95183.90181,1
6,73,-200,7,108,32.88605,0.5527496,-129.4924,11-04-25 11:46,498.2905,2.159169,89871.93424,3
201,105,206,1,109,129.2522,4.461243,231.9794,11-04-25 15:22,371.6664,1.209349,88697.00335,2
-195,72,-14,6,110,-189.5835,8.375137,83.15009,11-04-25 13:55,295.539,2.09843,89872.22369,2
-208.5,75,-201,8,111,-218.2674,0.4345093,-242.7055,11-04-25 12:51,20.81055,2.272846,98394.11375,2
-15,85,199.5,4,112,-114.9008,5.913437,176.3447,11-04-25 12:00,122.7672,0.5866508,96783.9273,2
191,76.4,5,2,113,139.7024,11.71906,28.02213,11-04-25 11:13,305.8735,1.274445,92494.48143,2
191,76.4,5,2,114,139.7752,7.128052,41.48955,11-04-25 13:33,78.7405,2.580023,92494.48143,2
-195,72,-14,6,115,-165.3739,1.693779,43.79323,11-04-25 16:04,217.5093,1.422328,89872.22369,1
-208.5,75,-201,8,116,-172.0112,9.929787,-216.6557,11-04-25 15:25,374.7437,1.329188,98394.11375,2
-0.6,71,4.9,5,117,-60.31549,8.646255,59.07999,11-04-25 15:30,258.8831,0.5133649,95183.90181,1
-195,72,-14,6,118,-189.4301,0.1471252,8.388641,11-04-25 12:00,168.4261,0.7869958,89872.22369,2
-15,85,199.5,4,119,-143.6118,4.455429,208.866,11-04-25 14:13,268.8743,2.810719,96783.9273,3
-0.6,71,4.9,5,120,-88.9621,12.88996,23.5755,11-04-25 14:08,85.05113,2.21121,95183.90181,2
203.5,88,-144.5,3,121,145.63,12.56454,-217.8564,11-04-25 13:14,335.6628,1.57866,99408.57168,2
203.5,88,-144.5,3,122,175.022,7.568115,-200.5262,11-04-25 15:01,108.8124,0.6995102,99408.57168,1
-15,85,199.5,4,123,40.84485,1.46125,162.6784,11-04-25 15:04,29.19033,2.642556,96783.9273,2
-208.5,75,-201,8,124,-248.7527,13.32075,-157.3746,11-04-25 15:07,494.5488,0.6658845,98394.11375,2
-208.5,75,-201,8,125,-194.3068,9.621117,-161.354,11-04-25 12:49,105.2792,2.275628,98394.11375,2
-195,72,-14,6,126,-178.1253,13.1162,104.5496,11-04-25 13:13,352.7174,1.687122,89872.22369,3
-0.6,71,4.9,5,127,-98.56114,11.56736,-89.65506,11-04-25 13:51,184.2629,2.52171,95183.90181,3
201,105,206,1,128,227.7556,8.007393,185.4615,11-04-25 14:30,226.1798,2.056304,88697.00335,2
6,73,-200,7,129,12.36696,14.38054,-145.0188,11-04-25 13:04,323.9637,0.5683641,89871.93424,2
-0.6,71,4.9,5,130,111.158,5.420029,64.46925,11-04-25 13:55,372.9154,2.690148,95183.90181,3
-208.5,75,-201,8,131,-126.4915,9.867119,-248.5136,11-04-25 15:05,76.74036,1.245321,98394.11375,1
-208.5,75,-201,8,132,-199.2701,1.176567,-153.8741,11-04-25 11:28,249.6348,2.757229,98394.11375,3
-195,72,-14,6,133,-211.6541,7.90641,-75.65045,11-04-25 11:12,18.66176,1.254122,89872.22369,2
-208.5,75,-201,8,134,-89.16612,4.461578,-114.1349,11-04-25 12:05,117.1451,1.191969,98394.11375,2
203.5,88,-144.5,3,135,246.7507,1.470772,-150.5979,11-04-25 13:00,175.6726,1.762675,99408.57168,2
191,76.4,5,2,136,234.4734,12.55463,27.89081,11-04-25 14:03,462.4718,0.968584,92494.48143,2
-15,85,199.5,4,137,-28.11617,6.500305,191.5176,11-04-25 13:47,56.47778,1.499564,96783.9273,1
-208.5,75,-201,8,138,-149.5224,7.531487,-177.954,11-04-25 15:55,4.660793,0.806752,98394.11375,1
-0.6,71,4.9,5,139,-77.75848,5.567642,61.38367,11-04-25 15:51,229.9482,1.0423,95183.90181,1
-208.5,75,-201,8,140,-90.95333,3.512962,-113.4847,11-04-25 12:41,197.416,1.376898,98394.11375,2
-0.6,71,4.9,5,141,-64.96251,11.69029,84.63754,11-04-25 14:48,108.6709,2.924818,95183.90181,2
-208.5,75,-201,8,142,-198.463,8.165504,-242.3278,11-04-25 15:51,454.7199,2.49947,98394.11375,2
-0.6,71,4.9,5,143,79.67995,0.1925964,-60.53833,11-04-25 14:22,238.6448,1.329112,95183.90181,2
-195,72,-14,6,144,-173.503,0.4805222,-31.2276,11-04-25 11:20,364.2767,1.620534,89872.22369,3
-208.5,75,-201,8,145,-197.1434,11.25346,-157.0514,11-04-25 15:36,135.8112,1.806153,98394.11375,1
6,73,-200,7,146,72.20407,9.635025,-214.8687,11-04-25 13:18,24.42483,2.102398,89871.93424,2
-208.5,75,-201,8,147,-232.9321,5.921112,-151.8568,11-04-25 12:34,78.4755,2.372544,98394.11375,2
-0.6,71,4.9,5,148,110.3352,2.420654,-79.22539,11-04-25 16:10,419.4142,2.082417,95183.90181,2
-0.6,71,4.9,5,149,66.11092,5.761543,61.13242,11-04-25 15:55,459.626,1.279585,95183.90181,2
-0.6,71,4.9,5,150,-59.58072,1.36245,79.98126,11-04-25 16:07,420.1321,1.254963,95183.90181,2
191,76.4,5,2,151,226.7554,6.843277,142.0782,11-04-25 12:22,137.84,1.512954,92494.48143,2
203.5,88,-144.5,3,152,211.8348,13.52708,-149.4628,11-04-25 12:22,182.7769,2.062973,99408.57168,2
-195,72,-14,6,153,-143.497,14.2051,-15.18396,11-04-25 15:10,254.7996,2.969426,89872.22369,2
6,73,-200,7,154,-26.07394,7.52253,-156.6812,11-04-25 11:26,403.6394,1.231671,89871.93424,2
203.5,88,-144.5,3,155,221.5225,1.215584,-193.0134,11-04-25 16:21,473.8955,1.817097,99408.57168,2
191,76.4,5,2,156,157.4821,11.16415,114.575,11-04-25 16:07,142.3391,2.833002,92494.48143,2
191,76.4,5,2,157,184.5672,14.86891,-68.81461,11-04-25 15:28,233.3926,2.10417,92494.48143,2
-195,72,-14,6,158,-224.5004,6.380379,-82.69463,11-04-25 14:50,32.11392,2.258675,89872.22369,2
203.5,88,-144.5,3,159,151.2975,0.4593201,-202.0619,11-04-25 11:47,107.255,1.046377,99408.57168,2
203.5,88,-144.5,3,160,204.7523,8.263268,-185.4687,11-04-25 15:41,3.635859,1.770857,99408.57168,1
191,76.4,5,2,161,149.9509,10.02756,129.2498,11-04-25 16:14,90.82051,2.619203,92494.48143,2
-195,72,-14,6,162,-161.1601,7.090302,-9.753159,11-04-25 16:36,465.0489,1.96671,89872.22369,2
-15,85,199.5,4,163,-102.8937,5.020828,203.7791,11-04-25 14:05,490.9145,0.9682592,96783.9273,2
203.5,88,-144.5,3,164,198.0903,3.687698,-175.785,11-04-25 16:50,104.2508,1.887437,99408.57168,1
201,105,206,1,165,175.0471,6.642677,227.1518,11-04-25 14:12,101.7352,2.775642,88697.00335,2
-0.6,71,4.9,5,166,81.56625,5.85643,29.46017,11-04-25 16:46,446.4945,1.483547,95183.90181,2
6,73,-200,7,167,65.44434,9.417847,-201.9989,11-04-25 16:10,41.08747,0.6228258,89871.93424,1
-15,85,199.5,4,168,82.13849,3.014244,182.1018,11-04-25 14:30,10.15338,2.820936,96783.9273,2
6,73,-200,7,169,-63.33313,14.97096,-210.14,11-04-25 15:56,380.4682,2.715925,89871.93424,2
6,73,-200,7,170,-62.82843,1.126801,-245.3349,11-04-25 11:23,240.2249,1.945409,89871.93424,3
-208.5,75,-201,8,171,-79.90388,5.868706,-175.1949,11-04-25 17:00,381.7716,0.6424742,98394.11375,2
-195,72,-14,6,172,-206.4478,6.148048,16.18353,11-04-25 14:57,78.85352,2.184781,89872.22369,1
201,105,206,1,173,216.4868,5.085556,208.7944,11-04-25 11:31,366.8058,0.9965454,88697.00335,2
6,73,-200,7,174,-50.64554,13.48605,-117.7125,11-04-25 16:54,72.60815,1.491209,89871.93424,1
6,73,-200,7,175,-22.78638,2.150589,-229.3577,11-04-25 14:42,39.87474,1.598023,89871.93424,1
201,105,206,1,176,210.2224,12.83144,232.266,11-04-25 12:45,294.2413,2.666031,88697.00335,3
201,105,206,1,177,246.0742,9.873245,219.2975,11-04-25 16:01,54.11633,2.207275,88697.00335,1
203.5,88,-144.5,3,178,182.429,1.206299,-244.2892,11-04-25 13:06,292.8838,1.982324,99408.57168,3
6,73,-200,7,179,60.33656,5.837769,-217.5791,11-04-25 14:53,389.6314,2.849784,89871.93424,3
203.5,88,-144.5,3,180,152.0665,9.421028,-103.7513,11-04-25 14:53,484.4044,0.9014441,99408.57168,2
-195,72,-14,6,181,-208.9819,8.537781,18.92673,11-04-25 16:01,21.39214,1.145879,89872.22369,1
191,76.4,5,2,182,202.3286,1.852776,13.78944,11-04-25 13:03,55.73207,2.821016,92494.48143,2
191,76.4,5,2,183,180.2796,4.083412,-32.39107,11-04-25 13:57,492.6538,1.140959,92494.48143,2
191,76.4,5,2,184,162.7207,10.61398,114.2223,11-04-25 12:19,1.121648,2.897027,92494.48143,2
201,105,206,1,185,130.9797,6.97113,186.2552,11-04-25 16:54,108.4851,0.8557673,88697.00335,1
-15,85,199.5,4,186,-186.625,1.92794,153.704,11-04-25 12:05,116.9006,1.142699,96783.9273,2
-15,85,199.5,4,187,-33.56953,14.12178,226.9239,11-04-25 11:39,156.6803,2.55002,96783.9273,2
201,105,206,1,188,236.2292,3.220139,230.4991,11-04-25 15:08,326.924,1.127479,88697.00335,2
-15,85,199.5,4,189,49.25969,4.124199,237.0269,11-04-25 11:06,216.676,0.5630209,96783.9273,2
203.5,88,-144.5,3,190,198.4449,5.542847,-240.2564,11-04-25 12:15,450.5451,1.649322,99408.57168,3
201,105,206,1,191,176.0507,14.9796,220.5147,11-04-25 13:57,63.89235,1.077396,88697.00335,1
-195,72,-14,6,192,-237.1557,4.471214,127.3707,11-04-25 14:19,162.3242,0.7174142,89872.22369,2
203.5,88,-144.5,3,193,115.6956,7.75325,-238.5441,11-04-25 13:30,423.9644,2.465154,99408.57168,3
-208.5,75,-201,8,194,-197.9491,11.73341,-145.5893,11-04-25 15:33,41.75418,1.314341,98394.11375,1
203.5,88,-144.5,3,195,165.213,8.145142,-234.8341,11-04-25 11:49,229.5337,0.6502231,99408.57168,2
-208.5,75,-201,8,196,-112.7799,13.1841,-244.6953,11-04-25 13:34,167.999,1.774647,98394.11375,2
-0.6,71,4.9,5,197,-78.90759,7.620232,54.86829,11-04-25 11:08,389.0299,1.873361,95183.90181,3
-15,85,199.5,4,198,-217.3647,6.732277,202.4295,11-04-25 12:54,57.53924,1.245505,96783.9273,2
6,73,-200,7,199,12.02696,4.623993,-235.7438,11-04-25 12:30,217.9137,2.304079,89871.93424,2
201,105,206,1,200,206.6346,2.509338,197.9915,11-04-25 14:12,484.0704,1.432381,88697.00335,2
191,76.4,5,2,201,140.4084,6.94046,-45.72153,11-04-25 12:30,256.0683,1.000386,92494.48143,2
203.5,88,-144.5,3,202,216.1639,0.8759308,-173.5033,11-04-25 13:26,305.0161,2.707916,99408.57168,3
-195,72,-14,6,203,-191.8253,12.7638,124.9647,11-04-25 15:36,418.265,2.209487,89872.22369,3
-0.6,71,4.9,5,204,-79.03584,10.77161,34.15953,11-04-25 13:54,167.5382,1.227495,95183.90181,2
-0.6,71,4.9,5,205,-10.53467,5.065277,29.87569,11-04-25 14:29,306.42,1.611489,95183.90181,2
201,105,206,1,206,188.1641,4.692108,208.8495,11-04-25 12:47,282.1082,1.284919,88697.00335,2
191,76.4,5,2,207,232.7866,3.712547,125.8273,11-04-25 16:13,87.35048,0.5930914,92494.48143,1
-15,85,199.5,4,208,-10.22461,7.759697,198.5528,11-04-25 13:38,162.4953,0.9266375,96783.9273,1
203.5,88,-144.5,3,209,114.4318,14.70863,-217.6134,11-04-25 12:05,70.40077,0.7375481,99408.57168,2
-15,85,199.5,4,210,26.26462,0.7295914,239.4263,11-04-25 12:58,376.4023,1.456428,96783.9273,2
6,73,-200,7,211,60.34241,11.28162,-236.775,11-04-25 15:28,473.2356,0.969529,89871.93424,2
-0.6,71,4.9,5,212,-117.5415,3.234009,3.447311,11-04-25 11:43,421.5775,1.484202,95183.90181,3
-0.6,71,4.9,5,213,9.195633,13.85015,-64.60107,11-04-25 15:19,173.0444,2.056234,95183.90181,2
191,76.4,5,2,214,229.3738,2.474754,-19.71379,11-04-25 12:17,115.4805,1.028336,92494.48143,2
203.5,88,-144.5,3,215,179.7695,0.1202698,-244.3871,11-04-25 15:02,336.952,2.556765,99408.57168,3
-0.6,71,4.9,5,216,36.12259,4.648842,130.6117,11-04-25 12:34,119.5541,0.9702371,95183.90181,2
201,105,206,1,217,192.9623,6.217308,212.576,11-04-25 12:00,481.163,0.7862862,88697.00335,2
191,76.4,5,2,218,157.981,10.36335,-17.13153,11-04-25 11:08,224.9337,1.333701,92494.48143,2
191,76.4,5,2,219,133.3632,8.428238,129.4501,11-04-25 15:18,98.09653,2.820165,92494.48143,2
-195,72,-14,6,220,-204.556,5.736099,-93.29002,11-04-25 11:30,184.7832,1.234648,89872.22369,2
191,76.4,5,2,221,144.3292,9.996933,-27.33759,11-04-25 14:29,255.6311,1.787995,92494.48143,2
-0.6,71,4.9,5,222,-91.43083,1.272926,-79.67712,11-04-25 16:24,137.9012,1.164377,95183.90181,1
-0.6,71,4.9,5,223,9.634445,13.85821,104.7425,11-04-25 12:47,41.29252,2.548215,95183.90181,2
201,105,206,1,224,216.7413,5.067543,166.7221,11-04-25 13:03,163.9904,2.70927,88697.00335,2
6,73,-200,7,225,-30.63571,12.42702,-142.798,11-04-25 12:48,271.2073,0.6454648,89871.93424,2
-0.6,71,4.9,5,226,-111.4401,8.649872,28.27789,11-04-25 12:03,264.8227,1.432516,95183.90181,2
-195,72,-14,6,227,-240.2897,12.74644,-31.25542,11-04-25 16:50,192.6591,1.827793,89872.22369,1
-15,85,199.5,4,228,102.0244,1.026772,240.2342,11-04-25 11:21,482.103,2.752723,96783.9273,3
-15,85,199.5,4,229,78.20413,2.272942,164.0154,11-04-25 14:28,73.82052,2.911191,96783.9273,2
-208.5,75,-201,8,230,-89.32187,11.13474,-102.5846,11-04-25 16:30,294.0271,2.614779,98394.11375,2
-208.5,75,-201,8,231,-186.9557,13.26817,-210.192,11-04-25 16:59,286.7874,0.9135859,98394.11375,1
-15,85,199.5,4,232,-207.2353,9.325203,235.9487,11-04-25 12:29,133.1574,0.5032365,96783.9273,2
-208.5,75,-201,8,233,-161.9332,12.06078,-238.666,11-04-25 15:59,388.4315,1.092358,98394.11375,2
203.5,88,-144.5,3,234,217.2596,5.883072,-181.4013,11-04-25 16:04,407.9161,1.846394,99408.57168,2
201,105,206,1,235,143.3186,4.01606,154.9906,11-04-25 11:45,432.4394,0.6722422,88697.00335,3
-208.5,75,-201,8,236,-217.1985,1.445534,-157.2141,11-04-25 11:57,171.1761,1.089054,98394.11375,2
-208.5,75,-201,8,237,-202.4366,13.56666,-143.2783,11-04-25 12:48,61.55207,2.950524,98394.11375,2
-15,85,199.5,4,238,-72.8756,2.984924,233.1578,11-04-25 15:26,173.7335,1.007834,96783.9273,1
191,76.4,5,2,239,241.9718,13.4955,-83.73764,11-04-25 13:12,393.3579,1.646649,92494.48143,3
-208.5,75,-201,8,240,-148.5374,5.737419,-178.3325,11-04-25 13:29,199.0298,0.7592075,98394.11375,1
-0.6,71,4.9,5,241,-31.78154,14.8426,131.9666,11-04-25 11:14,342.7265,2.819163,95183.90181,3
201,105,206,1,242,240.1836,4.682281,196.5816,11-04-25 13:23,152.3707,1.397152,88697.00335,2
-208.5,75,-201,8,243,-175.5443,4.214951,-143.8766,11-04-25 12:25,87.55726,2.966162,98394.11375,2
191,76.4,5,2,244,134.0175,12.01227,-77.13678,11-04-25 13:30,341.8531,0.6037005,92494.48143,2
-15,85,199.5,4,245,103.8092,5.106232,213.3537,11-04-25 12:09,259.6347,0.8174576,96783.9273,2
201,105,206,1,246,163.1757,12.16737,230.4704,11-04-25 11:36,235.2782,0.9139408,88697.00335,2
-15,85,199.5,4,247,-62.0961,12.84985,174.2031,11-04-25 14:23,218.0439,1.625198,96783.9273,2
203.5,88,-144.5,3,248,242.1315,10.01488,-151.142,11-04-25 16:35,200.7161,0.5691605,99408.57168,1
6,73,-200,7,249,68.129,12.7123,-121.5926,11-04-25 15:53,278.9251,1.977033,89871.93424,2
201,105,206,1,250,211.0541,9.498337,208.885,11-04-25 14:37,138.4455,1.051816,88697.00335,1
6,73,-200,7,251,12.19627,9.641716,-104.7659,11-04-25 16:56,393.0264,1.428117,89871.93424,2
-208.5,75,-201,8,252,-240.0903,12.30558,-128.0527,11-04-25 15:22,370.4984,2.557476,98394.11375,2
-195,72,-14,6,253,-188.8173,8.237411,13.67601,11-04-25 12:59,57.93488,1.240813,89872.22369,1
-0.6,71,4.9,5,254,116.0507,1.950905,-7.344696,11-04-25 16:22,331.3369,2.000962,95183.90181,2
203.5,88,-144.5,3,255,144.7475,8.434319,-219.9689,11-04-25 15:05,319.0763,1.753177,99408.57168,2
191,76.4,5,2,256,161.8678,9.361923,69.32773,11-04-25 11:28,412.4887,1.877409,92494.48143,3
203.5,88,-144.5,3,257,137.1868,7.467773,-215.9517,11-04-25 16:01,487.8907,2.472441,99408.57168,3
-0.6,71,4.9,5,258,94.40134,3.213898,23.98569,11-04-25 11:56,288.4978,1.292465,95183.90181,2
-15,85,199.5,4,259,-118.9139,6.809921,238.8629,11-04-25 16:28,162.2752,2.892715,96783.9273,2
-0.6,71,4.9,5,260,100.3165,2.845062,-45.9108,11-04-25 11:48,139.316,2.565032,95183.90181,3
-0.6,71,4.9,5,261,-108.1928,4.103142,-51.88391,11-04-25 11:20,14.16609,1.303239,95183.90181,2
-208.5,75,-201,8,262,-123.4854,11.84748,-166.6629,11-04-25 14:14,282.6605,0.5269723,98394.11375,2
-208.5,75,-201,8,263,-121.7385,4.045288,-150.4766,11-04-25 14:33,172.1004,1.357723,98394.11375,2
191,76.4,5,2,264,156.7484,11.72408,47.77129,11-04-25 16:57,403.0447,1.546461,92494.48143,2
191,76.4,5,2,265,228.7164,13.55032,3.671082,11-04-25 11:21,193.969,2.879879,92494.48143,3
191,76.4,5,2,266,172.2232,4.646233,-69.59134,11-04-25 12:21,409.3583,1.515049,92494.48143,3
203.5,88,-144.5,3,267,102.9524,6.500977,-239.7621,11-04-25 11:06,203.0186,1.666998,99408.57168,3
-208.5,75,-201,8,268,-106.9501,3.138649,-181.7157,11-04-25 14:37,14.44704,2.658296,98394.11375,2
6,73,-200,7,269,-40.68964,11.60464,-171.1274,11-04-25 15:54,188.9622,2.151683,89871.93424,2
201,105,206,1,270,202.5262,13.56499,218.4662,11-04-25 12:27,228.501,0.689968,88697.00335,2
201,105,206,1,271,243.1718,7.48333,179.4426,11-04-25 15:07,242.7608,1.85351,88697.00335,2
-208.5,75,-201,8,272,-169.5494,13.32201,-220.5544,11-04-25 11:56,105.3288,2.224774,98394.11375,2
6,73,-200,7,273,-48.01102,8.602547,-216.9297,11-04-25 13:18,468.0768,0.5091854,89871.93424,2
201,105,206,1,274,150.9651,3.889091,209.6974,11-04-25 11:11,350.975,1.10406,88697.00335,3
-195,72,-14,6,275,-221.5263,0.9088287,-20.35764,11-04-25 15:38,385.5791,1.982668,89872.22369,2
191,76.4,5,2,276,248.1986,9.732239,117.9166,11-04-25 16:28,162.1389,1.62025,92494.48143,2
203.5,88,-144.5,3,277,134.1297,12.25164,-173.188,11-04-25 13:22,306.6203,2.105984,99408.57168,2
-0.6,71,4.9,5,278,-91.83699,6.763985,1.246094,11-04-25 14:39,327.433,0.7865061,95183.90181,2
-0.6,71,4.9,5,279,81.18547,11.09135,73.57036,11-04-25 16:16,151.5208,2.180555,95183.90181,2
203.5,88,-144.5,3,280,129.5213,10.02587,-106.8676,11-04-25 16:34,404.9535,0.8378016,99408.57168,2
-208.5,75,-201,8,281,-98.51646,8.869255,-176.4663,11-04-25 13:02,174.3069,2.59642,98394.11375,3
6,73,-200,7,282,-14.28415,10.3139,-148.8961,11-04-25 15:37,79.81904,1.207317,89871.93424,1
-208.5,75,-201,8,283,-229.2307,14.12897,-159.7744,11-04-25 16:50,242.4641,2.48077,98394.11375,2
-208.5,75,-201,8,284,-235.3391,3.123497,-225.0243,11-04-25 15:12,61.78924,0.8300226,98394.11375,1
-195,72,-14,6,285,-235.1974,7.154144,-5.728531,11-04-25 14:56,285.8358,1.202106,89872.22369,1
-0.6,71,4.9,5,286,-103.7171,0.343399,-11.37482,11-04-25 16:59,107.315,1.168076,95183.90181,1
203.5,88,-144.5,3,287,199.3628,11.43397,-206.8072,11-04-25 14:52,152.9349,2.966466,99408.57168,2
-15,85,199.5,4,288,-92.40544,3.388519,199.3751,11-04-25 14:59,493.6584,0.5070629,96783.9273,2
-208.5,75,-201,8,289,-235.7961,2.999283,-190.9903,11-04-25 16:21,10.96744,1.426891,98394.11375,1
6,73,-200,7,290,-59.23079,13.04497,-219.3099,11-04-25 15:39,164.1042,1.484661,89871.93424,1
191,76.4,5,2,291,226.0676,14.25014,-85.11987,11-04-25 11:18,403.6701,1.059889,92494.48143,3
-0.6,71,4.9,5,292,-104.5332,14.7957,-9.439102,11-04-25 16:15,281.5168,2.550827,95183.90181,2
-195,72,-14,6,293,-153.7272,12.06323,81.74722,11-04-25 14:20,209.8674,2.387409,89872.22369,2
-208.5,75,-201,8,294,-211.8683,13.92282,-118.7479,11-04-25 16:46,318.9152,1.23535,98394.11375,1
6,73,-200,7,295,-29.62546,10.01511,-243.4903,11-04-25 11:31,397.1367,2.944948,89871.93424,3
-208.5,75,-201,8,296,-148.6981,11.35042,-197.3133,11-04-25 12:22,71.15433,2.275354,98394.11375,2
-0.6,71,4.9,5,297,94.44162,5.619217,-79.25534,11-04-25 14:13,254.8758,2.412432,95183.90181,3
191,76.4,5,2,298,163.165,2.206055,-73.69238,11-04-25 16:49,314.0714,2.965938,92494.48143,2
-208.5,75,-201,8,299,-136.0302,11.32095,-217.8607,11-04-25 11:31,313.5648,1.067709,98394.11375,2
191,76.4,5,2,300,149.981,3.106194,113.5805,11-04-25 15:10,69.04129,1.645953,92494.48143,2
-195,72,-14,6,301,-162.0578,13.07579,134.6797,11-04-25 15:52,251.5802,1.846314,89872.22369,2
203.5,88,-144.5,3,302,205.7336,1.155937,-194.8725,11-04-25 15:08,262.2068,1.339827,99408.57168,2
6,73,-200,7,303,28.94739,14.70653,-243.2124,11-04-25 16:03,268.8809,2.783942,89871.93424,2
6,73,-200,7,304,-32.67065,0.7996826,-207.984,11-04-25 12:47,427.0035,0.5160024,89871.93424,2
-0.6,71,4.9,5,305,-109.8905,6.542557,85.83615,11-04-25 14:52,11.75312,2.422895,95183.90181,2
-0.6,71,4.9,5,306,-15.2988,10.76251,133.2189,11-04-25 14:22,418.8083,1.221218,95183.90181,2
-15,85,199.5,4,307,1.927155,7.080414,212.2343,11-04-25 11:26,333.1231,1.865146,96783.9273,3
-0.6,71,4.9,5,308,-74.90109,2.95517,-1.543289,11-04-25 11:10,260.2876,2.381568,95183.90181,3
-208.5,75,-201,8,309,-232.2387,0.3447113,-215.112,11-04-25 16:06,312.7302,1.898301,98394.11375,2
203.5,88,-144.5,3,310,125.7318,7.447136,-136.3481,11-04-25 14:00,102.537,0.8804177,99408.57168,1
-195,72,-14,6,311,-229.0741,8.757919,72.79623,11-04-25 13:28,128.7651,2.562865,89872.22369,2
-15,85,199.5,4,312,-68.28644,13.79465,223.917,11-04-25 16:44,248.6756,2.082004,96783.9273,2
-195,72,-14,6,313,-186.0773,14.13541,-26.64966,11-04-25 11:02,81.79074,0.9275775,89872.22369,2
-195,72,-14,6,314,-233.3034,9.578857,109.5406,11-04-25 15:16,294.8661,1.913976,89872.22369,2
-195,72,-14,6,315,-165.1991,12.32159,62.21249,11-04-25 14:09,90.05481,0.943888,89872.22369,1
203.5,88,-144.5,3,316,144.5742,0.01509094,-184.5148,11-04-25 11:05,151.6271,1.111951,99408.57168,2
-195,72,-14,6,317,-177.8773,1.329704,90.02399,11-04-25 12:46,405.699,0.6347631,89872.22369,2
-0.6,71,4.9,5,318,36.52481,2.589096,32.23566,11-04-25 14:42,39.27097,2.070512,95183.90181,1
6,73,-200,7,319,-44.13345,14.97949,-240.2439,11-04-25 11:23,390.6022,2.213464,89871.93424,3
-195,72,-14,6,320,-247.8558,4.130394,73.69987,11-04-25 15:43,351.9234,1.49904,89872.22369,2
-15,85,199.5,4,321,-238.5536,8.261292,218.9389,11-04-25 12:51,326.9618,1.934472,96783.9273,3
-0.6,71,4.9,5,322,-53.72859,14.43526,14.89919,11-04-25 11:29,98.18784,1.009497,95183.90181,2
201,105,206,1,323,227.929,14.18808,198.9208,11-04-25 13:38,44.65636,0.8225073,88697.00335,1
-195,72,-14,6,324,-205.3877,0.0799408,-96.26064,11-04-25 15:37,26.48624,0.6777697,89872.22369,1
-15,85,199.5,4,325,-95.06429,9.312012,234.5889,11-04-25 16:32,499.206,1.777281,96783.9273,2
-15,85,199.5,4,326,-8.827606,1.742691,243.0844,11-04-25 14:15,429.9405,0.7833691,96783.9273,2
-15,85,199.5,4,327,-199.5764,9.746613,191.006,11-04-25 12:59,258.8159,2.218923,96783.9273,3
-195,72,-14,6,328,-210.9828,14.16503,44.44629,11-04-25 11:55,218.0479,2.213396,89872.22369,2
-0.6,71,4.9,5,329,-0.1889038,0.7893295,-2.865051,11-04-25 15:02,162.1893,1.376723,95183.90181,1
203.5,88,-144.5,3,330,137.1741,3.987991,-127.8439,11-04-25 12:38,460.6465,2.147493,99408.57168,3
-195,72,-14,6,331,-173.1854,14.86118,139.7415,11-04-25 11:37,265.8788,2.345372,89872.22369,3
191,76.4,5,2,332,177.3737,9.296387,105.3237,11-04-25 11:55,284.3069,1.047099,92494.48143,2
-195,72,-14,6,333,-214.2495,13.78529,121.2339,11-04-25 12:30,447.8755,1.780373,89872.22369,3
203.5,88,-144.5,3,334,142.4798,6.553932,-198.5672,11-04-25 16:28,111.4388,2.082494,99408.57168,1
201,105,206,1,335,150.5346,7.63308,199.4579,11-04-25 16:04,109.3472,2.198372,88697.00335,2
-15,85,199.5,4,336,-235.9279,11.32063,203.5995,11-04-25 13:16,429.4668,1.269069,96783.9273,3
-208.5,75,-201,8,337,-171.3748,11.36752,-162.7348,11-04-25 14:55,177.8833,2.510063,98394.11375,2
201,105,206,1,338,193.3714,11.26737,239.1823,11-04-25 13:25,401.2897,1.50628,88697.00335,2
-0.6,71,4.9,5,339,51.08521,6.651886,-53.78435,11-04-25 15:43,183.2815,2.287527,95183.90181,2
-15,85,199.5,4,340,-201.0965,12.48273,183.2719,11-04-25 15:57,293.9109,2.88989,96783.9273,3
-195,72,-14,6,341,-221.0657,7.036316,133.1549,11-04-25 14:56,179.5839,2.528418,89872.22369,2
-208.5,75,-201,8,342,-99.32471,4.355125,-246.3073,11-04-25 13:04,309.0844,0.583521,98394.11375,2
201,105,206,1,343,220.115,4.36438,182.0114,11-04-25 14:15,161.5605,2.765477,88697.00335,2
6,73,-200,7,344,43.22583,6.566277,-126.3966,11-04-25 11:43,336.0754,2.5702,89871.93424,3
6,73,-200,7,345,81.56943,14.88425,-134.8154,11-04-25 11:34,154.7239,0.5647348,89871.93424,2
201,105,206,1,346,219.7231,8.277672,152.157,11-04-25 15:56,498.4866,2.414457,88697.00335,3
-195,72,-14,6,347,-161.1178,11.6603,72.54109,11-04-25 14:35,107.0856,1.242803,89872.22369,1
203.5,88,-144.5,3,348,243.3273,10.34933,-220.272,11-04-25 14:26,136.1588,2.986157,99408.57168,2
-0.6,71,4.9,5,349,50.8871,4.12191,-86.95126,11-04-25 11:59,473.2891,1.65178,95183.90181,3
-0.6,71,4.9,5,350,72.56143,6.176834,70.09531,11-04-25 15:48,107.7191,1.175524,95183.90181,1
201,105,206,1,351,214.5594,0.2633972,177.348,11-04-25 14:57,148.6654,2.905879,88697.00335,2
-195,72,-14,6,352,-157.7809,5.974968,38.44142,11-04-25 14:53,139.9162,2.795383,89872.22369,2
203.5,88,-144.5,3,353,165.7645,14.54323,-213.1304,11-04-25 14:48,430.1906,2.220207,99408.57168,2
-208.5,75,-201,8,354,-85.1472,12.54993,-158.7073,11-04-25 11:10,404.9905,0.9563493,98394.11375,3
-0.6,71,4.9,5,355,110.371,7.551682,-3.236557,11-04-25 11:41,71.23951,2.648537,95183.90181,3
-0.6,71,4.9,5,356,101.1703,9.31926,141.3569,11-04-25 13:45,134.6999,2.568129,95183.90181,3
-0.6,71,4.9,5,357,32.17514,0.4766388,-93.03629,11-04-25 16:51,322.785,1.382025,95183.90181,2
201,105,206,1,358,235.1426,7.451859,168.8533,11-04-25 15:48,252.4098,2.871202,88697.00335,2
-15,85,199.5,4,359,75.01039,5.415779,176.3478,11-04-25 11:38,89.64192,0.6043367,96783.9273,2
-0.6,71,4.9,5,360,45.37048,11.49918,146.7699,11-04-25 15:59,387.5987,2.517226,95183.90181,3
203.5,88,-144.5,3,361,231.6963,2.720787,-169.0633,11-04-25 16:45,375.9828,2.13713,99408.57168,2
-0.6,71,4.9,5,362,23.06293,7.89492,122.3143,11-04-25 14:53,3.280612,1.26712,95183.90181,1
191,76.4,5,2,363,198.7384,1.707741,-43.78084,11-04-25 11:30,429.7124,1.543266,92494.48143,3
203.5,88,-144.5,3,364,139.0729,10.96315,-191.3494,11-04-25 12:50,30.04097,2.990929,99408.57168,2
-195,72,-14,6,365,-140.3312,8.988037,-16.04897,11-04-25 11:45,116.499,0.8205159,89872.22369,2
201,105,206,1,366,126.7554,8.073006,227.0193,11-04-25 16:55,429.9028,1.740104,88697.00335,2
-195,72,-14,6,367,-227.5891,6.879372,-96.56229,11-04-25 13:36,69.84386,1.64578,89872.22369,2
203.5,88,-144.5,3,368,130.0631,14.06268,-213.1579,11-04-25 15:56,484.7525,2.198625,99408.57168,3
-15,85,199.5,4,369,61.94003,8.146263,204.07,11-04-25 14:34,87.8382,0.7628896,96783.9273,1
-0.6,71,4.9,5,370,-113.5343,14.46562,-82.8049,11-04-25 16:14,456.0279,1.854331,95183.90181,2
6,73,-200,7,371,-22.02966,4.353195,-134.0534,11-04-25 11:32,265.0855,0.7095208,89871.93424,2
-0.6,71,4.9,5,372,-52.22716,12.80328,141.2387,11-04-25 14:44,453.6284,1.472653,95183.90181,3
-208.5,75,-201,8,373,-202.266,13.53522,-172.0399,11-04-25 14:22,366.7547,2.467339,98394.11375,2
6,73,-200,7,374,13.49187,9.589241,-114.1519,11-04-25 16:48,139.5868,2.994526,89871.93424,2
191,76.4,5,2,375,189.905,0.1414719,-76.30855,11-04-25 16:10,54.24892,1.362115,92494.48143,1
-195,72,-14,6,376,-159.7969,10.84027,51.7424,11-04-25 15:09,139.5107,1.037803,89872.22369,1
6,73,-200,7,377,31.14011,12.68932,-242.8018,11-04-25 12:37,438.0168,1.902148,89871.93424,3
-15,85,199.5,4,378,112.5911,0.7511368,216.7873,11-04-25 11:17,315.2643,2.541409,96783.9273,3
-15,85,199.5,4,379,-24.40039,9.790627,165.0979,11-04-25 13:25,497.4131,2.371783,96783.9273,3
203.5,88,-144.5,3,380,102.4975,2.827545,-158.6125,11-04-25 15:58,71.59571,0.8903425,99408.57168,1
6,73,-200,7,381,0.1136627,11.49022,-145.5767,11-04-25 15:02,389.464,1.493326,89871.93424,2
191,76.4,5,2,382,231.4434,10.25384,10.57309,11-04-25 13:55,481.6418,1.333409,92494.48143,2
-195,72,-14,6,383,-207.8018,3.530052,-67.86232,11-04-25 15:18,79.10331,1.756825,89872.22369,1
-195,72,-14,6,384,-208.5485,12.06148,64.86798,11-04-25 14:36,471.7689,2.782407,89872.22369,3
-195,72,-14,6,385,-229.0088,7.77832,65.15213,11-04-25 13:03,402.8819,0.7016568,89872.22369,2
191,76.4,5,2,386,216.107,11.2508,88.19159,11-04-25 12:06,302.344,1.061287,92494.48143,2
-195,72,-14,6,387,-143.05,12.95183,-66.22969,11-04-25 12:28,52.93656,2.540929,89872.22369,2
-0.6,71,4.9,5,388,-118.6446,11.16381,-18.04248,11-04-25 16:42,205.148,2.411637,95183.90181,2
-15,85,199.5,4,389,-200.249,4.98011,209.7673,11-04-25 14:09,150.2097,1.437612,96783.9273,2
191,76.4,5,2,390,144.3309,12.92994,81.83099,11-04-25 11:41,477.0208,2.098156,92494.48143,3
-208.5,75,-201,8,391,-90.424,2.870819,-136.5759,11-04-25 11:47,330.8081,1.596967,98394.11375,3
203.5,88,-144.5,3,392,129.4114,13.238,-236.9734,11-04-25 14:29,490.7607,0.9721582,99408.57168,2
191,76.4,5,2,393,161.5748,10.76759,112.6971,11-04-25 11:09,59.79344,2.490867,92494.48143,3
6,73,-200,7,394,-22.70483,5.841019,-196.1136,11-04-25 15:05,341.5714,0.9658771,89871.93424,1
201,105,206,1,395,173.194,8.925522,185.7727,11-04-25 14:34,59.9233,1.234792,88697.00335,1
6,73,-200,7,396,72.3343,7.390152,-103.7119,11-04-25 15:24,158.7223,1.233616,89871.93424,1
201,105,206,1,397,204.362,12.34209,172.9427,11-04-25 16:56,56.25293,1.61638,88697.00335,1
201,105,206,1,398,130.7812,3.186813,183.2113,11-04-25 16:46,439.5294,0.9907444,88697.00335,2
-208.5,75,-201,8,399,-92.59062,0.8961945,-218.0604,11-04-25 15:21,481.0909,2.127421,98394.11375,3
-195,72,-14,6,400,-221.4455,3.236481,36.47797,11-04-25 16:01,256.4948,1.454064,89872.22369,1
